"Mars Needs Cunnilingus";18;False;False;1;0;1;1
32;100;62;9;24;9;0
33;44;22;12;18;15;0
34;238;88;9;9;12;0
35;121;2;15;18;18;0
36;19;2;15;18;18;0
37;125;62;12;18;15;0
38;36;2;15;18;18;0
39;35;108;3;9;6;0
40;191;88;9;18;12;0
41;147;88;9;18;12;0
42;70;2;15;18;18;0
43;53;2;15;18;18;0
44;202;88;6;18;9;0
45;2;108;6;12;9;0
46;10;108;3;18;6;0
47;16;62;12;18;15;0
48;30;62;12;18;15;0
49;136;88;9;18;15;0
50;172;2;12;18;15;0
51;44;42;12;18;15;0
52;226;22;12;18;15;0
53;240;22;12;18;15;0
54;114;42;12;18;15;0
55;170;22;12;18;15;0
56;226;42;12;18;15;0
57;72;62;12;18;15;0
58;25;108;3;15;6;0
59;15;108;3;18;6;0
60;125;88;9;18;12;0
61;72;88;12;15;15;0
62;103;88;9;18;12;0
63;167;62;12;18;15;0
64;2;2;15;18;18;0
65;184;22;12;18;15;0
66;128;42;12;18;15;0
67;16;22;12;18;15;0
68;30;88;12;18;15;0
69;209;62;12;18;15;0
70;30;42;12;18;15;0
71;86;42;12;18;15;0
72;142;42;12;18;15;0
73;128;22;12;18;15;0
74;2;22;12;18;15;0
75;237;62;12;18;15;0
76;72;42;12;18;15;0
77;155;2;15;18;18;0
78;156;22;12;18;15;0
79;86;62;12;18;15;0
80;58;62;12;18;15;0
81;16;88;12;18;15;0
82;44;62;12;18;15;0
83;195;62;12;18;15;0
84;58;42;12;18;15;0
85;212;42;12;18;15;0
86;153;62;12;18;15;0
87;138;2;15;18;18;0
88;114;22;12;18;15;0
89;181;62;12;18;15;0
90;58;88;12;18;15;0
91;158;88;9;18;12;0
92;44;88;12;18;15;0
93;114;88;9;18;12;0
94;86;88;15;12;18;0
95;100;42;12;18;15;0
96;30;108;3;9;6;0
97;198;42;12;18;15;0
98;156;42;12;18;15;0
99;58;22;12;18;15;0
100;2;88;12;18;15;0
101;30;22;12;18;15;0
102;200;2;12;18;15;0
103;2;42;12;18;15;0
104;214;2;12;18;15;0
105;111;62;12;18;15;0
106;142;22;12;18;15;0
107;170;42;12;18;15;0
108;223;62;12;18;15;0
109;104;2;15;18;18;0
110;198;22;12;18;15;0
111;100;22;12;18;15;0
112;139;62;12;18;15;0
113;212;22;12;18;15;0
114;2;62;12;18;15;0
115;240;42;12;18;15;0
116;16;42;12;18;15;0
117;86;22;12;18;15;0
118;186;2;12;18;15;0
119;87;2;15;18;18;0
120;72;22;12;18;15;0
121;228;2;12;18;15;0
122;184;42;12;18;15;0
123;169;88;9;18;12;0
124;20;108;3;18;6;0
125;180;88;9;18;12;0
126;224;88;12;9;15;0
127;210;88;12;9;15;0
